id,winner_model_a,winner_model_b,winner_tie
136060,0.20234444968258752,0.4322827335308993,0.3653728167865132
211333,0.5966600020616836,0.17251590774904982,0.2308240901892666
1233961,0.2025135274883951,0.732223129576045,0.06526334293555995
